USERNAME,PASSWORD,FIRSTNAME,LASTNAME,FULLNAME,ADDRESS1,ADDRESS2,CREDITCARDNUM,EXPDATE
user1,pass1,firstname1,lastname1,fullname1,address11,address222,333444556688,01/19
user2,pass2,firstname2,lastname2,fullname2,address12,address223,333444556689,02/19
user3,pass3,firstname3,lastname3,fullname3,address13,address224,333444556690,03/19
user4,pass4,firstname4,lastname4,fullname4,address14,address225,333444556691,04/19
user5,pass5,firstname5,lastname5,fullname5,address15,address226,333444556692,05/19
user6,pass6,firstname6,lastname6,fullname6,address16,address227,333444556693,06/19
user7,pass7,firstname7,lastname7,fullname7,address17,address228,333444556694,07/19
user8,pass8,firstname8,lastname8,fullname8,address18,address229,333444556695,08/19
user9,pass9,firstname9,lastname9,fullname9,address19,address230,333444556696,09/19
user10,pass10,firstname10,lastname10,fullname10,address20,address231,333444556697,10/19
user11,pass11,firstname11,lastname11,fullname11,address21,address232,333444556698,11/19
user12,pass12,firstname12,lastname12,fullname12,address22,address233,333444556699,12/19
user13,pass13,firstname13,lastname13,fullname13,address23,address234,333444556700,01/20
user14,pass14,firstname14,lastname14,fullname14,address24,address235,333444556701,02/20
user15,pass15,firstname15,lastname15,fullname15,address25,address236,333444556702,03/20
user16,pass16,firstname16,lastname16,fullname16,address26,address237,333444556703,04/20
user17,pass17,firstname17,lastname17,fullname17,address27,address238,333444556704,05/20
user18,pass18,firstname18,lastname18,fullname18,address28,address239,333444556705,06/20
user19,pass19,firstname19,lastname19,fullname19,address29,address240,333444556706,07/20
user20,pass20,firstname20,lastname20,fullname20,address30,address241,333444556707,08/20
user21,pass21,firstname21,lastname21,fullname21,address31,address242,333444556708,09/20
user22,pass22,firstname22,lastname22,fullname22,address32,address243,333444556709,10/20
user23,pass23,firstname23,lastname23,fullname23,address33,address244,333444556710,11/20
user24,pass24,firstname24,lastname24,fullname24,address34,address245,333444556711,12/20
user25,pass25,firstname25,lastname25,fullname25,address35,address246,333444556712,01/21
user26,pass26,firstname26,lastname26,fullname26,address36,address247,333444556713,02/21
user27,pass27,firstname27,lastname27,fullname27,address37,address248,333444556714,03/21
user28,pass28,firstname28,lastname28,fullname28,address38,address249,333444556715,04/21
user29,pass29,firstname29,lastname29,fullname29,address39,address250,333444556716,05/21
user30,pass30,firstname30,lastname30,fullname30,address40,address251,333444556717,06/21
user31,pass31,firstname31,lastname31,fullname31,address41,address252,333444556718,07/21
user32,pass32,firstname32,lastname32,fullname32,address42,address253,333444556719,08/21
user33,pass33,firstname33,lastname33,fullname33,address43,address254,333444556720,09/21
user34,pass34,firstname34,lastname34,fullname34,address44,address255,333444556721,10/21
user35,pass35,firstname35,lastname35,fullname35,address45,address256,333444556722,11/21
user36,pass36,firstname36,lastname36,fullname36,address46,address257,333444556723,12/21
user37,pass37,firstname37,lastname37,fullname37,address47,address258,333444556724,01/22
user38,pass38,firstname38,lastname38,fullname38,address48,address259,333444556725,02/22
user39,pass39,firstname39,lastname39,fullname39,address49,address260,333444556726,03/22
user40,pass40,firstname40,lastname40,fullname40,address50,address261,333444556727,04/22
user41,pass41,firstname41,lastname41,fullname41,address51,address262,333444556728,05/22
user42,pass42,firstname42,lastname42,fullname42,address52,address263,333444556729,06/22
user43,pass43,firstname43,lastname43,fullname43,address53,address264,333444556730,07/22
user44,pass44,firstname44,lastname44,fullname44,address54,address265,333444556731,08/22
user45,pass45,firstname45,lastname45,fullname45,address55,address266,333444556732,09/22
user46,pass46,firstname46,lastname46,fullname46,address56,address267,333444556733,10/22
user47,pass47,firstname47,lastname47,fullname47,address57,address268,333444556734,11/22
user48,pass48,firstname48,lastname48,fullname48,address58,address269,333444556735,12/22
user49,pass49,firstname49,lastname49,fullname49,address59,address270,333444556736,01/23
user50,pass50,firstname50,lastname50,fullname50,address60,address271,333444556737,02/23
user51,pass51,firstname51,lastname51,fullname51,address61,address272,333444556738,03/23
user52,pass52,firstname52,lastname52,fullname52,address62,address273,333444556739,04/23
user53,pass53,firstname53,lastname53,fullname53,address63,address274,333444556740,05/23
user54,pass54,firstname54,lastname54,fullname54,address64,address275,333444556741,06/23
user55,pass55,firstname55,lastname55,fullname55,address65,address276,333444556742,07/23
user56,pass56,firstname56,lastname56,fullname56,address66,address277,333444556743,08/23
user57,pass57,firstname57,lastname57,fullname57,address67,address278,333444556744,09/23
user58,pass58,firstname58,lastname58,fullname58,address68,address279,333444556745,10/23
user59,pass59,firstname59,lastname59,fullname59,address69,address280,333444556746,11/23
user60,pass60,firstname60,lastname60,fullname60,address70,address281,333444556747,12/23
user61,pass61,firstname61,lastname61,fullname61,address71,address282,333444556748,01/24
user62,pass62,firstname62,lastname62,fullname62,address72,address283,333444556749,02/24
user63,pass63,firstname63,lastname63,fullname63,address73,address284,333444556750,03/24
user64,pass64,firstname64,lastname64,fullname64,address74,address285,333444556751,04/24
user65,pass65,firstname65,lastname65,fullname65,address75,address286,333444556752,05/24
user66,pass66,firstname66,lastname66,fullname66,address76,address287,333444556753,06/24
user67,pass67,firstname67,lastname67,fullname67,address77,address288,333444556754,07/24
user68,pass68,firstname68,lastname68,fullname68,address78,address289,333444556755,08/24
user69,pass69,firstname69,lastname69,fullname69,address79,address290,333444556756,09/24
user70,pass70,firstname70,lastname70,fullname70,address80,address291,333444556757,10/24
user71,pass71,firstname71,lastname71,fullname71,address81,address292,333444556758,11/24
user72,pass72,firstname72,lastname72,fullname72,address82,address293,333444556759,12/24
user73,pass73,firstname73,lastname73,fullname73,address83,address294,333444556760,01/25
user74,pass74,firstname74,lastname74,fullname74,address84,address295,333444556761,02/25
user75,pass75,firstname75,lastname75,fullname75,address85,address296,333444556762,03/25
user76,pass76,firstname76,lastname76,fullname76,address86,address297,333444556763,04/25
user77,pass77,firstname77,lastname77,fullname77,address87,address298,333444556764,05/25
user78,pass78,firstname78,lastname78,fullname78,address88,address299,333444556765,06/25
user79,pass79,firstname79,lastname79,fullname79,address89,address300,333444556766,07/25
user80,pass80,firstname80,lastname80,fullname80,address90,address301,333444556767,08/25
user81,pass81,firstname81,lastname81,fullname81,address91,address302,333444556768,09/25
user82,pass82,firstname82,lastname82,fullname82,address92,address303,333444556769,10/25
user83,pass83,firstname83,lastname83,fullname83,address93,address304,333444556770,11/25
user84,pass84,firstname84,lastname84,fullname84,address94,address305,333444556771,12/25
user85,pass85,firstname85,lastname85,fullname85,address95,address306,333444556772,01/26
user86,pass86,firstname86,lastname86,fullname86,address96,address307,333444556773,02/26
user87,pass87,firstname87,lastname87,fullname87,address97,address308,333444556774,03/26
user88,pass88,firstname88,lastname88,fullname88,address98,address309,333444556775,04/26
user89,pass89,firstname89,lastname89,fullname89,address99,address310,333444556776,05/26
user90,pass90,firstname90,lastname90,fullname90,address100,address311,333444556777,06/26
user91,pass91,firstname91,lastname91,fullname91,address101,address312,333444556778,07/26
user92,pass92,firstname92,lastname92,fullname92,address102,address313,333444556779,08/26
user93,pass93,firstname93,lastname93,fullname93,address103,address314,333444556780,09/26
user94,pass94,firstname94,lastname94,fullname94,address104,address315,333444556781,10/26
user95,pass95,firstname95,lastname95,fullname95,address105,address316,333444556782,11/26
user96,pass96,firstname96,lastname96,fullname96,address106,address317,333444556783,12/26
user97,pass97,firstname97,lastname97,fullname97,address107,address318,333444556784,01/27
user98,pass98,firstname98,lastname98,fullname98,address108,address319,333444556785,02/27
user99,pass99,firstname99,lastname99,fullname99,address109,address320,333444556786,03/27
user100,pass100,firstname100,lastname100,fullname100,address110,address321,333444556787,04/27
